<?xml version="1.0" encoding="utf-8"?>
<!DOCTYPE abs SYSTEM "SNPPhentA.dtd">
<abstract ABSTRACTID="1171" TEXT="OBJECTIVE: Common DNA variants of the transcription factor 7-like 2 gene (TCF7L2) are associated with type 2 diabetes. Familial combined hyperlipidaemia (FCHL) is characterised by hypertriacylglycerolaemia, hypercholesterolaemia, or both. Additionally, disturbances in glucose metabolism are commonly seen in FCHL. Therefore, we hypothesised that TCF7L2 may contribute to the genetic susceptibility for this common dyslipidaemia. METHODS: We investigated the effect of the TCF7L2 variants, rs7903146 and rs12255372, on FCHL and its component traits triacylglycerol (TG), total cholesterol (TC) and apolipoprotein B (ApoB) in 759 individuals from 55 Mexican families. As a replication sample, 719 individuals from 60 Finnish FCHL families were analysed. We also used quantitative RT-PCR to evaluate the transcript levels of TCF7L2 in 47 subcutaneous fat biopsies from unrelated Mexican FCHL and normolipidaemic participants. RESULTS: Significant evidence for association was observed for high TG for the T alleles of rs7903146 and rs12255372 (p = 0.005 and p = 0.01) in Mexican FCHL families,No evidence for association was observed for FCHL, TC, ApoB or glucose in Mexicans. When testing rs7903146 and rs12255372 for replication in Finnish FCHL families, these single nucleotide polymorphisms were associated with TG (p = 0.01 and p = 0.007). Furthermore, we observed statistically significant decreases in the mRNA levels (p = 0.0002) of TCF7L2 in FCHL- and TG-affected individuals. TCF7L2 expression was not altered by the SNP genotypes. CONCLUSIONS: These data show that rs7903146 and rs12255372 are significantly associated with high TG in FCHL families from two different populations. In addition, significantly decreased expression of TCF7L2 was observed in TG- and FCHL-affected individuals.">
	<sentence TEXT="RESULTS: Significant evidence for association was observed for high TG for the T alleles of rs7903146 and rs12255372 p = 0.005 and p = 0.01 in Mexican FCHL families,No evidence for association was observed for FCHL, TC, ApoB or glucose in Mexicans.">
		<pair SNPID="rs7903146" ASSOCIATION="p = 0.005" CONFIDENCE=""/>
		<pair SNPID="rs12255372" ASSOCIATION="p = 0.01" CONFIDENCE=""/>
	</sentence>
	<sentence TEXT="When testing rs7903146 and rs12255372 for replication in Finnish FCHL families, these single nucleotide polymorphisms were associated with TG p = 0.01 and p = 0.007.">
		<pair SNPID="rs7903146" ASSOCIATION="p = 0.01" CONFIDENCE=""/>
		<pair SNPID="rs12255372" ASSOCIATION="p = 0.007" CONFIDENCE=""/>
	</sentence>
</abstract>
