<?xml version="1.0" encoding="utf-8"?>
<!DOCTYPE abs SYSTEM "SNPPhentA.dtd">
<abstract ABSTRACTID="1063" TEXT="Cytochrome P450 1B1 (CYP1B1) is involved in the activation of many carcinogens and in the metabolism of steroid hormones. We compared allele,genotype and haplotype frequencies of six single-nucleotide polymorphisms (SNPs) within CYP1B1 among non-Hispanic Caucasians (496 cases and 498 controls) and Hispanic Caucasians (153 cases and 240 controls). In the Hispanic Caucasians, the GG genotype for rs1056836 decreased the risk forprostate cancer (PCa) when compared with the CC genotype [odds ratio (OR) = 0.31, P = 0.04, 95% confidence interval (CI) = 0.10-0.96]. Among non-Hispanic Caucasian men with more aggressive PCa, the prevalence of several SNPs (rs2567206, rs2551188, rs2617266, rs10012 and rs1056836) was significantly associated with the disease status. A common C-G-C-C-G-A haplotype for rs2567206-rs2551188-rs2617266-rs10012-rs1056836-rs1800440 showed an inverse association with PCa risk in Hispanic Caucasians (OR = 0.19, P = 0.04, 95% CI = 0.04-0.95) and with aggressive disease status (i.e. Gleason score &gt;or=7) in non-Hispanic Caucasian cases (OR = 0.64, P = 0.008, 95% CI = 0.47-0.89). In the non-Hispanic Caucasian cases, a second major haplotype T-A-T-G-C-A was positively associated with the high-grade disease status (OR = 1.77, P = 0.002, 95% CI = 1.24-2.53). Our findings suggest that genetic polymorphisms in CYP1B1 may modify the risk for PCa and support the role of CYP1B1 as a candidate gene for PCa.">
	<sentence TEXT="In the Hispanic Caucasians, the GG genotype for rs1056836 decreased the risk forprostate cancer PCa when compared with the CC genotype odds ratio OR = 0.31, P = 0.04, 95% confidence interval CI = 0.10-0.96.">
		<pair SNPID="rs1056836" ASSOCIATION="P = 0.04" CONFIDENCE="OR = 0.31"/>
		<pair PAIRID="1" PHENOTYPEID="0" SNPID="1" ASSOCIATION="positive" CONFIDENCE="weak"/>
		<pair PAIRID="2" PHENOTYPEID="0" SNPID="2" ASSOCIATION="positive" CONFIDENCE="weak"/>
		<pair PAIRID="3" PHENOTYPEID="0" SNPID="3" ASSOCIATION="positive" CONFIDENCE="weak"/>
		<pair PAIRID="4" PHENOTYPEID="0" SNPID="4" ASSOCIATION="positive" CONFIDENCE="weak"/>
		<pair PAIRID="5" PHENOTYPEID="0" SNPID="5" ASSOCIATION="positive" CONFIDENCE="weak"/>
	</sentence>
</abstract>
