<?xml version="1.0" encoding="utf-8"?>
<!DOCTYPE abs SYSTEM "SNPPhentA.dtd">
<abstract ABSTRACTID="1248" TEXT="BACKGROUND: Genome-wide association studies identified several single nucleotide polymorphisms (SNP) associated with prevalent coronary heartdisease (CHD), but less is known of associations with incident CHD. The association of 13 published CHD SNPs was examined in 5 ancestry groups of 4 large US prospective cohorts. RESULTS: The analyses included incident coronary events over an average 9.1 to 15.7 follow-up person-years in up to 26 617 white individuals (6626 events), 8018 black individuals (914 events), 1903 Hispanic individuals (113 events), 3669 American Indian individuals (595 events), and 885 Asian/Pacific Islander individuals (66 events). We used Cox proportional hazards models (with additive mode of inheritance) adjusted for age, sex, and ancestry (as needed). Nine loci were statistically associated with incident CHD events in white participants: 9p21 (rs10757278; P=4.7 × 10(-41)), 16q23.1 (rs2549513; P=0.0004), 6p24.1 (rs499818; P=0.0002), 2q36.3 (rs2943634; P=6.7 × 10(-6)), MTHFD1L (rs6922269, P=5.1 × 10(-10)),APOE (rs429358; P=2.7×10(-18)), ZNF627 (rs4804611; P=5.0 × 10(-8)), CXCL12 (rs501120; P=1.4 × 10(-6)) and LPL (rs268; P=2.7 × 10(-17)). The 9p21 region showed significant between-study heterogeneity, with larger effects in individuals age 55 years or younger and in women. Inclusion of coronary revascularization procedures among the incident CHD events introduced heterogeneity. The SNPs were not associated with CHD in black participants, and associations varied in other US minorities. CONCLUSIONS: Prospective analyses of white participants replicated several reported cross-sectional CHD-SNP associations.">
	<sentence TEXT="Nine loci were statistically associated with incident CHD events in white participants: 9p21 rs10757278; P=4.7 × 10-41, 16q23.1 rs2549513; P=0.0004, 6p24.1 rs499818; P=0.0002, 2q36.3 rs2943634; P=6.7 × 10-6, MTHFD1L rs6922269, P=5.1 × 10-10,APOE rs429358; P=2.7×10-18, ZNF627 rs4804611; P=5.0 × 10-8, CXCL12 rs501120; P=1.4 × 10-6 and LPL rs268; P=2.7 × 10-17.">
		<pair SNPID="rs10757278" ASSOCIATION="P=4.7 × 10-41" CONFIDENCE=""/>
		<pair SNPID="rs2549513" ASSOCIATION="P=0.0004" CONFIDENCE=""/>
		<pair SNPID="rs499818" ASSOCIATION="P=0.0002" CONFIDENCE=""/>
		<pair SNPID="rs2943634" ASSOCIATION="P=6.7 × 10-6" CONFIDENCE=""/>
		<pair SNPID="rs6922269" ASSOCIATION="P=5.1 × 10-10" CONFIDENCE=""/>
		<pair SNPID="rs429358" ASSOCIATION="P=2.7×10-18" CONFIDENCE=""/>
		<pair SNPID="rs4804611" ASSOCIATION="P=5.0 × 10-8" CONFIDENCE=""/>
		<pair SNPID="rs501120" ASSOCIATION="P=1.4 × 10-6" CONFIDENCE=""/>
		<pair SNPID="rs268" ASSOCIATION="P=2.7 × 10-17" CONFIDENCE=""/>
		</sentence>
</abstract>
